Alignment name,Distance from boundary,Alignment position
HA-putativeLoki,1.0079253997807056,168-195
HA-putativeLoki,0.19625190993278885,53-76
IF2-EFTU_Ploop,9.16658928013115,137-176
IF2-EFTU_Ploop,5.865527750601956,33-57
IF2-EFTU_Ploop,1.6743019094582148,97-125
aL37-bL34,1.9262377495915128,78-90
bS01-RNAP7Ca,7.504961493705845,547-592
d1a2za_d1ghha,0.5471896149952871,101-120
d1a7j_d2if1,0.044902724546479256,88-104
d1vm0b_d6mhta,0.02918967375006165,75-91
d1vm0b_d6mhta,0.1896001920413255,117-131
eL27-aL14,5.933116446947162,14-40
eL8-eL30,6.627347543964536,2-33
eS12-aL08,6.819357705089596,53-122
eS12-aL08,3.443452838925713,135-167
uL03a-aIF5,0.46978206189742533,632-657
uL03a-aRNAPA,0.1358047672580449,141-161
uL03a-aRNAPB-ClustalW,0.5621134585741467,565-584
uL11a-bS18,0.09937860359862061,192-211
uL11b-bS18,0.4292500148314815,98-113
uL14a-aS8,0.8143717270385107,80-94
