Alignment name,Distance from boundary,Alignment position,E-value
IF2-EFTU_Ploop,1.191623239456507,137-176,0.3037278406878549
aL08-aL30,0.1824902216883313,40-86,0.8331927911072892
aL08-eS12,1.6356490615674755,53-122,0.1948258762634579
seq-bS01-RNAP7Ca,0.41433721874641005,547-592,0.6607780869328782
