Alignment name,Distance from boundary,Alignment position,E-value
IF2-EFTU_Ploop,1.3231608737538245,137-176,1.0335734726489938e-23
aL08-aL30,0.32538428839647526,40-86,1.1611030347263214e-06
aL08-eS12,1.5318941883974324,53-122,1.2204748895214171e-42
seq-bS01-RNAP7Ca,0.20999525287117704,547-592,0.0002774652488536354
