Alignment name,Segment Probability,Segment Position in Alignment
aIF5-bEFTU,0.9972570495941365,156-202
aIF5-bEFTU,0.9960241671268195,335-340
aL08-aL30,0.995242088488404,124-136
seq-bS01-RNAP7Ca,0.9970589115591196,577-587
seq-bS01-RNAP7Ca,0.9997030784064955,609-625
uL03a-aRNAPA,0.995242088488404,142-165
uL03a-aRNAPB-ClustalW,0.9957710132816712,122-134
